{"model": {"type": "range_dispatch", "property": "custom_model_data", "entries": [{"threshold": 1, "model": {"type": "model", "model": "leaderboards/stat_board", "tints": [{"type": "minecraft:dye", "default": [1, 1, 1]}]}}, {"threshold": 2, "model": {"type": "model", "model": "leaderboards/stat_button_0", "tints": [{"type": "minecraft:dye", "default": [1, 1, 1]}]}}, {"threshold": 3, "model": {"type": "model", "model": "leaderboards/stat_button_1", "tints": [{"type": "minecraft:dye", "default": [1, 1, 1]}]}}], "fallback": {"type": "minecraft:model", "model": "minecraft:item/white_dye"}}, "oversized_in_gui": true}