{"providers":[
    {"type":"bitmap","file":"emojis/100.png","chars":["💯"],"ascent":8,"height":9},
    {"type":"bitmap","file":"emojis/accept.png","chars":["✅"],"ascent":8,"height":9},
    {"type":"bitmap","file":"emojis/che_za_hui.png","chars":["☺"],"ascent":8,"height":9},
    {"type":"bitmap","file":"emojis/clown.png","chars":["🤡"],"ascent":8,"height":9},
    {"type":"bitmap","file":"emojis/cold.png","chars":["🥶"],"ascent":8,"height":9},
    {"type":"bitmap","file":"emojis/cry.png","chars":["😭"],"ascent":8,"height":9},
    {"type":"bitmap","file":"emojis/demon_evil.png","chars":["👿"],"ascent":8,"height":9},
    {"type":"bitmap","file":"emojis/demon_happy.png","chars":["😈"],"ascent":8,"height":9},
    {"type":"bitmap","file":"emojis/deny.png","chars":["❌"],"ascent":8,"height":9},
    {"type":"bitmap","file":"emojis/dislike.png","chars":["👎"],"ascent":8,"height":9},
    {"type":"bitmap","file":"emojis/down.png","chars":["🔻"],"ascent":8,"height":9},
    {"type":"bitmap","file":"emojis/eblan.png","chars":["😛"],"ascent":8,"height":9},
    {"type":"bitmap","file":"emojis/eblanx2.png","chars":["😜"],"ascent":8,"height":9},
    {"type":"bitmap","file":"emojis/elims.png","chars":["🙃"],"ascent":8,"height":9},
    {"type":"bitmap","file":"emojis/eyes.png","chars":["👀"],"ascent":8,"height":9},
    {"type":"bitmap","file":"emojis/fire.png","chars":["🔥"],"ascent":8,"height":9},
    {"type":"bitmap","file":"emojis/glasses.png","chars":["😎"],"ascent":8,"height":9},
    {"type":"bitmap","file":"emojis/glasses_crying.png","chars":["🐖"],"ascent":8,"height":9},
    {"type":"bitmap","file":"emojis/happy.png","chars":["😀"],"ascent":8,"height":9},
    {"type":"bitmap","file":"emojis/heart.png","chars":["♥"],"ascent":8,"height":9},
    {"type":"bitmap","file":"emojis/heart_eye.png","chars":["😍"],"ascent":8,"height":9},
    {"type":"bitmap","file":"emojis/hmm.png","chars":["🤔"],"ascent":8,"height":9},
    {"type":"bitmap","file":"emojis/hot.png","chars":["🥵"],"ascent":8,"height":9},
    {"type":"bitmap","file":"emojis/invisible.png","chars":["👻"],"ascent":8,"height":9},
    {"type":"bitmap","file":"emojis/kiss.png","chars":["😘"],"ascent":8,"height":9},
    {"type":"bitmap","file":"emojis/laugh.png","chars":["😂"],"ascent":8,"height":9},
    {"type":"bitmap","file":"emojis/like.png","chars":["👍"],"ascent":8,"height":9},
    {"type":"bitmap","file":"emojis/man.png","chars":["😉"],"ascent":8,"height":9},
    {"type":"bitmap","file":"emojis/man_cry.png","chars":["🥲"],"ascent":8,"height":9},
    {"type":"bitmap","file":"emojis/napryazheniy.png","chars":["😅"],"ascent":8,"height":9},
    {"type":"bitmap","file":"emojis/nerd.png","chars":["🤓"],"ascent":8,"height":9},
    {"type":"bitmap","file":"emojis/no_words.png","chars":["😶"],"ascent":8,"height":9},
    {"type":"bitmap","file":"emojis/ohh.png","chars":["😳"],"ascent":8,"height":9},
    {"type":"bitmap","file":"emojis/ohh_smile.png","chars":["😊"],"ascent":8,"height":9},
    {"type":"bitmap","file":"emojis/ohhh.png","chars":["😬"],"ascent":8,"height":9},
    {"type":"bitmap","file":"emojis/pistol.png","chars":["🔫"],"ascent":8,"height":9},
    {"type":"bitmap","file":"emojis/pizdec.png","chars":["😏"],"ascent":8,"height":9},
    {"type":"bitmap","file":"emojis/pizdec_happy.png","chars":["😄"],"ascent":8,"height":9},
    {"type":"bitmap","file":"emojis/pizdec_v_ahue.png","chars":["😨"],"ascent":8,"height":9},
    {"type":"bitmap","file":"emojis/please.png","chars":["🥺"],"ascent":8,"height":9},
    {"type":"bitmap","file":"emojis/sad.png","chars":["🙁"],"ascent":8,"height":9},
    {"type":"bitmap","file":"emojis/sad_cry.png","chars":["😥"],"ascent":8,"height":9},
    {"type":"bitmap","file":"emojis/shock.png","chars":["😱"],"ascent":8,"height":9},
    {"type":"bitmap","file":"emojis/shrecks_penis.png","chars":["🤮"],"ascent":8,"height":9},
    {"type":"bitmap","file":"emojis/skala_epta.png","chars":["🤨"],"ascent":8,"height":9},
    {"type":"bitmap","file":"emojis/skull.png","chars":["💀"],"ascent":8,"height":9},
    {"type":"bitmap","file":"emojis/smile.png","chars":["🙂"],"ascent":8,"height":9},
    {"type":"bitmap","file":"emojis/smile_pizdec.png","chars":["☺"],"ascent":8,"height":9},
    {"type":"bitmap","file":"emojis/stone.png","chars":["🗿"],"ascent":8,"height":9},
    {"type":"bitmap","file":"emojis/suka.png","chars":["😠"],"ascent":8,"height":9},
    {"type":"bitmap","file":"emojis/suka_blyat.png","chars":["😡"],"ascent":8,"height":9},
    {"type":"bitmap","file":"emojis/ti_eblan.png","chars":["🙄"],"ascent":8,"height":9},
    {"type":"bitmap","file":"emojis/tiktok.png","chars":["🐷"],"ascent":8,"height":9},
    {"type":"bitmap","file":"emojis/umm.png","chars":["😐"],"ascent":8,"height":9},
    {"type":"bitmap","file":"emojis/up.png","chars":["🔺"],"ascent":8,"height":9},
    {"type":"bitmap","file":"emojis/v_ahue.png","chars":["😲"],"ascent":8,"height":9},
    {"type":"bitmap","file":"emojis/v_ahue_trizhdiy.png","chars":["😰"],"ascent":8,"height":9},
    {"type":"bitmap","file":"emojis/very_happy.png","chars":["😆"],"ascent":8,"height":9},
    {"type":"bitmap","file":"emojis/wow.png","chars":["😯"],"ascent":8,"height":9},
    {"type":"bitmap","file":"emojis/youtube.png","chars":["👾"],"ascent":8,"height":9},
	{"type":"bitmap","file":"emojis/backpack.png","chars":["🎒"],"ascent":8,"height":9},
	{"type":"bitmap","file":"emojis/bronze.png","chars":["🟠"],"ascent":8,"height":9},
	{"type":"bitmap","file":"emojis/chat.png","chars":["💬"],"ascent":8,"height":9},
	{"type":"bitmap","file":"emojis/clever.png","chars":["🍀"],"ascent":8,"height":9},
	{"type":"bitmap","file":"emojis/closed.png","chars":["🔒"],"ascent":8,"height":9},
	{"type":"bitmap","file":"emojis/compas.png","chars":["🧭"],"ascent":8,"height":9},
	{"type":"bitmap","file":"emojis/danger.png","chars":["❗"],"ascent":8,"height":9},
	{"type":"bitmap","file":"emojis/global.png","chars":["🌎"],"ascent":8,"height":9},
	{"type":"bitmap","file":"emojis/gold.png","chars":["🟡"],"ascent":8,"height":9},
	{"type":"bitmap","file":"emojis/lamp.png","chars":["💡"],"ascent":8,"height":9},
	{"type":"bitmap","file":"emojis/magnet.png","chars":["🧲"],"ascent":8,"height":9},
	{"type":"bitmap","file":"emojis/money.png","chars":["💵"],"ascent":8,"height":9},
	{"type":"bitmap","file":"emojis/no.png","chars":["❎"],"ascent":8,"height":9},
	{"type":"bitmap","file":"emojis/options.png","chars":["⚙"],"ascent":8,"height":9},
	{"type":"bitmap","file":"emojis/silver.png","chars":["⚪"],"ascent":8,"height":9},
	{"type":"bitmap","file":"emojis/trophey.png","chars":["🏆"],"ascent":8,"height":9},
	{"type":"bitmap","file":"emojis/yes.png","chars":["✔"],"ascent":8,"height":9},
	{"type":"bitmap","file":"guis/fasttp.png","ascent":13,"height":256,"chars":[""]},
	{"type":"bitmap","file":"guis/help.png","ascent":13,"height":256,"chars":[""]},
	{"type":"bitmap","file":"guis/inv9.png","ascent":13,"height":256,"chars":[""]},
	{"type":"bitmap","file":"guis/inv27.png","ascent":13,"height":256,"chars":[""]},
	{"type":"bitmap","file":"guis/inv45.png","ascent":13,"height":256,"chars":[""]},
	{"type":"bitmap","file":"guis/lup.png","ascent":14,"height":256,"chars":[""]},
	{"type":"bitmap","file":"guis/lvlup.png","ascent":13,"height":256,"chars":[""]},
	{"type":"bitmap","file":"guis/axe.png","ascent":13,"height":256,"chars":[""]},
	{"type":"bitmap","file":"guis/botinki.png","ascent":13,"height":256,"chars":[""]},
	{"type":"bitmap","file":"guis/helmet.png","ascent":13,"height":256,"chars":[""]},
	{"type":"bitmap","file":"guis/inv18.png","ascent":13,"height":256,"chars":[""]},
	{"type":"bitmap","file":"guis/inv36.png","ascent":13,"height":256,"chars":[""]},
	{"type":"bitmap","file":"guis/inv54.png","ascent":13,"height":256,"chars":[""]},
	{"type":"bitmap","file":"guis/lopata.png","ascent":13,"height":256,"chars":[""]},
	{"type":"bitmap","file":"guis/main.png","ascent":13,"height":256,"chars":[""]},
	{"type":"bitmap","file":"guis/pants.png","ascent":13,"height":256,"chars":[""]},
	{"type":"bitmap","file":"guis/pickaxe.png","ascent":13,"height":256,"chars":[""]},
	{"type":"bitmap","file":"guis/sword.png","ascent":13,"height":256,"chars":[""]},
	{"type":"bitmap","file":"guis/torso.png","ascent":13,"height":256,"chars":[""]},
	{"type":"bitmap","file":"memes/da_mne.png","ascent":75,"height":150,"chars":["🛴"]},
	{"type":"bitmap","file":"memes/gromover.png","ascent":75,"height":150,"chars":["🔙"]},
	{"type":"bitmap","file":"guis/shift.png","ascent": -2000,"height": -10,"chars":[""]}
]}
	